N°,Fecha,Municipio,Nombre y Apellido,Tipo Mascota,Nombre Mascota,Aporte Insumos,Observaciones,Entidad Gestora
1,28/05/2026,La Caldera,Pamela Tejeda,Gato,Michifu,13000,Pagado,Convenio UCASAL
2,28/05/2026,La Caldera,Sandra Gutierrez,Perro,Luna,13000,Pagado,Convenio UCASAL
3,28/05/2026,La Caldera,Sandra Gutierrez,Perro,Blanca,13000,Pagado,Convenio UCASAL
4,28/05/2026,La Caldera,Mamani Valeria,Gato,Mishila,13000,Pagado,Convenio UCASAL
5,28/05/2026,La Caldera,Ariel Lamas,Perro,Nala,13000,Pagado,Convenio UCASAL
6,28/05/2026,La Caldera,Carla Cardozo,Gato,—,13000,—,Convenio UCASAL
7,28/05/2026,La Caldera,Valeria Ugarte,Gato,—,13000,—,Convenio UCASAL
8,28/05/2026,La Caldera,Mercedes Ugarte,Gato,Jacinta,13000,Pagado,Convenio UCASAL
9,28/05/2026,La Caldera,Elena Oropeza,Gato,Milsa,13000,Pagado,Convenio UCASAL
10,28/05/2026,La Caldera,Romina Cardozo,Perro,Kira,13000,Pagado,Convenio UCASAL
11,28/05/2026,La Caldera,Viviana Maidana,Perro,Negra,13000,Pagado,Convenio UCASAL
12,28/05/2026,La Caldera,Romina Quispidor,Perro,Nike,13000,Pagado,Convenio UCASAL
13,28/05/2026,La Caldera,Maria Sarapura,Perro,Diam.,13000,Pagado,Convenio UCASAL
14,28/05/2026,La Caldera,Harold Sarapura,Perro,Gringa,13000,Pagado,Convenio UCASAL
15,28/05/2026,La Caldera,Marta Sarapura,Perro,Canela,13000,Pagado,Convenio UCASAL
16,28/05/2026,La Caldera,Marta Sarapura,Perro,Lillum,13000,Pagado,Convenio UCASAL
17,28/05/2026,La Caldera,Jazmin Galvan,Gato,Perla,13000,Pagado,Convenio UCASAL
18,28/05/2026,La Caldera,Ruth Fernandez,Perro,Fiona,13000,Pagado,Convenio UCASAL
19,28/05/2026,La Caldera,Hector Fernandez,Perro,Simona,13000,Pagado,Convenio UCASAL
20,28/05/2026,La Caldera,Teresa Lamas,Perro,Luna,13000,Pagado,Convenio UCASAL
21,28/05/2026,La Caldera,Maria Cabezas,Gato,Génesis,13000,Pagado,Convenio UCASAL
22,28/05/2026,La Caldera,Ana Sol Berazain,Perro,Rulo y —,13000,Pagado,Convenio UCASAL
23,28/05/2026,La Caldera,Ruiz Isolina,Gato,Isi,13000,Pagado,Convenio UCASAL
24,28/05/2026,La Caldera,Ruiz Isolina,Gato,Isi BB,13000,Pagado,Convenio UCASAL
25,28/05/2026,La Caldera,Mamani Verónica,Perro,Pichos,13000,Pagado,Convenio UCASAL
26,28/05/2026,La Caldera,Cota Cota Azucena,Perro,Campesina,13000,Pagado,Convenio UCASAL
27,28/05/2026,La Caldera,Rosendo Sarapura,Perro,Tokio,13000,Pagado,Convenio UCASAL
28,28/05/2026,La Caldera,Tomi Galván,Gato,Greta,13000,Pagado,Convenio UCASAL
29,28/05/2026,La Caldera,Tomi Galván,Gato,Pelusa,13000,Pagado,Convenio UCASAL
30,28/05/2026,La Caldera,Rocio Lozano,Perro,Kira,13000,Pagado,Convenio UCASAL
31,28/05/2026,La Caldera,Rocio Lozano,Perro,Pancho,13000,Pagado,Convenio UCASAL
32,28/05/2026,La Caldera,Edwin Aliaga,Gato,Ringo,13000,Pagado,Convenio UCASAL
33,28/05/2026,La Caldera,Edwin Aliaga,Perro,Nieve,13000,Pagado,Convenio UCASAL
34,28/05/2026,La Caldera,Edwin Aliaga,Perro,Nube,13000,Pagado,Convenio UCASAL
35,28/05/2026,La Caldera,Giovana Vargas,Gato,Loli,13000,Pagado,Convenio UCASAL
36,28/05/2026,La Caldera,Facundo Sastre,Perro,Chunca,13000,Pagado,Convenio UCASAL
37,28/05/2026,La Caldera,—,—,—,0,—,Convenio UCASAL
38,28/05/2026,La Caldera,Garzón Camila,Gato,Gia,13000,Pagado,Convenio UCASAL
39,28/05/2026,La Caldera,Carolina Duarte,Gato,Flor/Micho/Michina,13000,Pagado,Convenio UCASAL
40,28/05/2026,La Caldera,Carolina Duarte,Gato,Bella,13000,Pagado,Convenio UCASAL
41,28/05/2026,La Caldera,Amina Frias,Gato,Gatita,13000,Pagado,Convenio UCASAL
42,28/05/2026,La Caldera,Ing. Maidana,Gato,Gatita,13000,Pagado,Convenio UCASAL
43,28/05/2026,La Caldera,Bety Valencia,Gato,Oliver,13000,Pagado,Convenio UCASAL
44,28/05/2026,La Caldera,Ivana Alanay,Gato,Balubey,13000,Pagado,Convenio UCASAL
45,28/05/2026,La Caldera,Ivana Alanay,Gato,Blanco,13000,Pagado,Convenio UCASAL
46,28/05/2026,La Caldera,Tamara Gutierrez,Gato,Zafiro,13000,Pagado,Convenio UCASAL
47,28/05/2026,La Caldera,Sumbay Sara,Gato,Estrella,13000,Pagado,Convenio UCASAL
48,28/05/2026,La Caldera,Erica Chaque,Gato,Mila,13000,Pagado,Convenio UCASAL
49,28/05/2026,La Caldera,Luisa Pascual,Perro,Ivon,12000,Falto hay que rendir,Convenio UCASAL
50,28/05/2026,La Caldera,—,—,—,0,Original,Convenio UCASAL
Extra-1,28/05/2026,La Caldera,Edwin Aliaga,Perro,Tomy,13000,Pagado,Convenio UCASAL
Extra-2,28/05/2026,La Caldera,Edwin Aliaga,Perro,Boby,13000,Pagado,Convenio UCASAL
Extra-3,28/05/2026,La Caldera,Pedro Servero,Perro,Olivia,13000,¿Falta pago?,Convenio UCASAL
Extra-4,28/05/2026,La Caldera,Analia Maidana,Gato,Misito,13000,Pagado,Convenio UCASAL
Extra-5,28/05/2026,La Caldera,Agustina Sumbay,Perro,Negrita,13000,Pagado,Convenio UCASAL
Extra-6,28/05/2026,La Caldera,Calizaya Lorena,Perro,Lulu y Gorda,13000,Pagado,Convenio UCASAL
Extra-7,28/05/2026,La Caldera,Jorgelina Mamani,Gato,Minina,13000,Pagado,Convenio UCASAL
Extra-8,28/05/2026,La Caldera,Jorgelina Mamani,Gato,Malasisi,13000,Pagado,Convenio UCASAL
Extra-9,28/05/2026,La Caldera,Jorgelina Mamani,Gato,Milo,13000,Pagado,Convenio UCASAL
Extra-10,28/05/2026,La Caldera,Zerpa Sonia M,Gato,Meli,13000,Pagado,Convenio UCASAL
Extra-11,28/05/2026,La Caldera,Silvia Vilaso,Gato,Lulú,13000,Pagado,Convenio UCASAL
